,#Sequence,Count,PValue,Obs/Exp Max,Max Obs/Exp Position
0,TCGTATG,2790,0.0,39.940952,44
1,TATGCCG,3290,0.0,33.97435,47
2,GGCGCGT,4445,0.0,32.636925,1
3,CGTATGC,3730,0.0,30.337059,45
4,CTCGTAT,3805,0.0,29.558544,43
5,CGGGCAT,9960,0.0,26.737867,1
6,GTATGCC,4505,0.0,25.347914,46
7,CGACCGG,1205,0.0,22.07168,1
8,ACACGTC,6050,0.0,19.330647,12
9,CGTCTGA,6125,0.0,19.093788,15
10,CCCACGT,10850,0.0,18.87803,1
11,ATCGGAA,6485,0.0,18.854933,1
12,ACGCACG,6355,0.0,18.674475,31
13,TCCGCGT,3355,0.0,18.20763,2
14,TATGTCG,2305,0.0,18.110596,4
15,AGTCACG,6540,0.0,17.882301,27
16,TCGGAAG,7020,0.0,17.747728,2
17,TCACGCA,6515,0.0,17.633324,29
18,ACGGACA,6820,0.0,17.350746,35
19,CGCACGG,6825,0.0,16.984085,32
